Used,  Instance,     Displays,          Args
 x,     image1,    NDStdArrays.ui,    "P=$(P),R=image1:"
  ,     Pva1,      NDPva.ui,          "P=$(P),R=Pva1:"
 x,     Proc1,     NDProcess.ui,      "P=$(P),R=Proc1:"
 x,     Trans1,    NDTransform.ui,    "P=$(P),R=Trans1:"
 x,     CC1,       NDColorConvert.ui, "P=$(P),R=CC1:"
 x,     CC2,       NDColorConvert.ui, "P=$(P),R=CC2:"
 x,     Over1,     NDOverlay.ui,      "P=$(P),R=Over1:"
 x,     ROI1,      NDROI.ui,          "P=$(P),R=ROI1:"
 x,     ROI2,      NDROI.ui,          "P=$(P),R=ROI2:"
 x,     ROI3,      NDROI.ui,          "P=$(P),R=ROI3:"
 x,     ROI4,      NDROI.ui,          "P=$(P),R=ROI4:"
 x,     Stats1,    NDStats.ui,        "P=$(P),R=Stats1:"
 x,     Stats2,    NDStats.ui,        "P=$(P),R=Stats2:"
 x,     Stats3,    NDStats.ui,        "P=$(P),R=Stats3:"
 x,     Stats4,    NDStats.ui,        "P=$(P),R=Stats4:"
 x,     Stats5,    NDStats.ui,        "P=$(P),R=Stats5:"
 x,     ROIStat1,  NDROIStat.ui,      "P=$(P),R=ROIStat1:"
 x,     CB1,       NDCircularBuff.ui, "P=$(P),R=CB1:"
 x,     FFT1,      NDFFT.ui,          "P=$(P),R=FFT1:"
 x,     Codec1,    NDCodec.ui,        "P=$(P),R=Codec1:"
 x,     Codec2,    NDCodec.ui,        "P=$(P),R=Codec2:"
  ,     BadPix1,   NDBadPixex.ui,     "P=$(P),R=BadPix1:"
 x,     netCDF1,   NDFileNetCDF.ui,   "P=$(P),R=netCDF1:"
 x,     TIFF1,     NDFileTIFF.ui,     "P=$(P),R=TIFF1:"
 x,     JPEG1,     NDFileJPEG.ui,     "P=$(P),R=JPEG1:"
 x,     Nexus1,    NDFileNexus.ui,    "P=$(P),R=Nexus1:"
 x,     HDF1,      NDFileHDF5.ui ,    "P=$(P),R=HDF1:"
  ,     Raw1,      NDFileRaw.ui,      "P=$(P),R=Raw1:"
  ,     EDF1,      NDFileEDF.ui,      "P=$(P),R=EDF1:"
 x,     Scatter1,  NDScatter.ui,      "P=$(P),R=Scatter1:"
 x,     Gather1,   NDGather.ui,       "P=$(P),R=Gather1:"
 x,     Sparse0,   NDSparse.ui,       "P=$(P),R=Sparse0:"
 x,     Sparse1,   NDSparse.ui,       "P=$(P),R=Sparse1:"
 x,     Sparse2,   NDSparse.ui,       "P=$(P),R=Sparse2:"
 x,     Sparse3,   NDSparse.ui,       "P=$(P),R=Sparse3:"
 x,     Stitcher1, NDGather8.ui,      "P=$(P),R=Stitcher1:"
